Episode,Steps,Total Reward,Epsilon,TD Error
0,2,-0.6,0.997,0.0
1,8,-0.69,0.994009,0.0
2,2,-0.87,0.991026973,0.0
3,4,-0.41999999999999993,0.988053892081,0.03550940006971359
4,2,-0.6,0.985089730404757,0.1335042119026184
5,10,-0.69,0.9821344612135428,0.1396472692489624
6,11,-0.81,0.9791880578299021,0.12763915956020355
7,3,-0.69,0.9762504936564125,0.12366304049889247
8,8,-0.99,0.9733217421754432,0.11957661528140306
9,6,-0.6599999999999999,0.9704017769489168,0.1226615384221077
10,2,-0.87,0.9674905716180701,0.11720513552427292
11,1,-0.75,0.9645880999032158,0.12290595471858978
12,4,-1.11,0.9616943356035061,0.1158875972032547
13,1,-0.75,0.9588092525966956,0.10752438008785248
14,10,-1.08,0.9559328248389055,0.11279618814587593
15,11,-1.2,0.9530650263643888,0.09541252052242105
16,4,-0.81,0.9502058312852957,0.09380410797894001
17,4,-0.81,0.9473552137914398,0.10643794387578964
18,6,-0.75,0.9445131481500655,0.09793861582875252
19,4,-0.66,0.9416796087056153,0.12200459837913513
20,3,-0.69,0.9388545698794984,0.1278297876318296
21,9,-1.26,0.93603800616986,0.10067927340666454
22,2,-0.72,0.9332298921513504,0.09826790913939476
23,1,-0.75,0.9304302024748964,0.10848841816186905
24,8,-0.8400000000000001,0.9276389118674717,0.10772088449448347
25,10,-1.38,0.9248559951318693,0.09871695563197136
26,3,-0.84,0.9220814271464737,0.09330814083417256
27,14,-1.32,0.9193151828650342,0.10242494940757751
28,1,-0.75,0.9165572373164391,0.10080040991306305
29,3,-0.84,0.9138075656044898,0.08778892457485199
30,7,-1.02,0.9110661429076764,0.09308005762951714
31,1,-0.75,0.9083329444789534,0.09683601558208466
32,4,-0.66,0.9056079456455165,0.09970165602862835
33,13,-1.44,0.90289112180858,0.09655783955867474
34,2,-0.87,0.9001824484431542,0.09094231575727463
35,3,-0.84,0.8974819010978248,0.1068887859582901
36,2,-0.72,0.8947894553945313,0.09178990870714188
37,3,-0.84,0.8921050870283477,0.10371922453244527
38,13,-1.29,0.8894287717672626,0.08949653345804948
39,4,-0.66,0.8867604854519608,0.08980907313525677
40,1,-0.75,0.884100203995605,0.0913759246468544
41,1,-0.75,0.8814479033836181,0.08649085462093353
42,2,-0.72,0.8788035596734672,0.09955130144953728
43,1,-0.75,0.8761671489944468,0.09397317469120026
44,1,-0.75,0.8735386475474635,0.05936693772673607
45,6,-0.75,0.8709180316048211,0.0999965990583102
46,2,-0.87,0.8683052775100066,0.09068365395069122
47,14,-1.2,0.8657003616774767,0.09672347509435245
48,6,-0.9,0.8631032605924442,0.08191654458642006
49,3,-0.69,0.860513950810667,0.10807009041309357
50,1,-0.75,0.857932408958235,0.10971534252166748
51,12,-1.02,0.8553586117313603,0.09760953672230244
52,1,-0.75,0.8527925358961662,0.0986684262752533
53,8,-0.99,0.8502341582884777,0.10714939143508673
54,5,-0.93,0.8476834558136123,0.09384664595127105
55,2,-0.72,0.8451404054461714,0.09514960274100304
56,1,-0.75,0.8426049842298329,0.0843910500407219
57,1,-0.75,0.8400771692771434,0.10626804828643799
58,2,-0.72,0.837556937769312,0.08085878565907478
59,2,-0.72,0.835044266956004,0.08110425993800163
60,2,-0.87,0.8325391341551359,0.10837900266051292
61,2,-0.72,0.8300415167526705,0.09000670164823532
62,1,-0.75,0.8275513922024125,0.09962429106235504
63,3,-0.84,0.8250687380258053,0.09775840987761815
64,1,-0.75,0.8225935318117279,0.08118407428264618
65,2,-0.87,0.8201257512162927,0.09111608564853668
66,5,-1.08,0.8176653739626438,0.09691163748502732
67,2,-0.87,0.8152123778407558,0.07673093676567078
68,7,-1.02,0.8127667407072335,0.08917270175048284
69,5,-0.93,0.8103284404851119,0.07949855625629425
70,3,-0.84,0.8078974551636565,0.08550377562642097
71,4,-0.66,0.8054737627981655,0.09364863112568855
72,4,-0.81,0.803057341509771,0.08991999179124832
73,1,-0.75,0.8006481694852418,0.08997758477926254
74,1,-0.75,0.798246224976786,0.09681061655282974
75,7,-1.17,0.7958514863018556,0.09038222581148148
76,2,-0.87,0.79346393184295,0.08570478856563568
77,4,-0.81,0.7910835400474212,0.08738552406430244
78,5,-0.78,0.7887102894272789,0.09522127658128739
79,1,-0.75,0.7863441585589971,0.09211323410272598
80,4,-0.81,0.78398512608332,0.09176448360085487
81,1,-0.75,0.7816331707050701,0.08799788355827332
82,1,-0.75,0.7792882711929549,0.09027368575334549
83,1,-0.75,0.776950406379376,0.11217760294675827
84,1,-0.75,0.7746195551602378,0.11939835548400879
85,8,-0.99,0.7722956964947572,0.0958483349531889
86,3,-0.84,0.7699788094052729,0.07676389316717784
87,2,-0.72,0.767668872977057,0.08042970672249794
88,3,-0.99,0.7653658663581259,0.0966741070151329
89,2,-0.87,0.7630697687590515,0.081201933324337
90,2,-0.72,0.7607805594527743,0.09326617792248726
91,1,-0.75,0.7584982177744161,0.11581443250179291
92,2,-0.72,0.7562227231210928,0.07547971233725548
93,1,-0.75,0.7539540549517295,0.08775889873504639
94,6,-1.05,0.7516921927868743,0.09148117403189342
95,1,-0.75,0.7494371162085136,0.11946959793567657
96,2,-0.72,0.747188804859888,0.08282601088285446
97,7,-1.17,0.7449472384453084,0.09166738178048815
98,7,-1.17,0.7427123967299725,0.08857554090874535
99,1,-0.75,0.7404842595397826,0.07137447595596313
100,2,-0.87,0.7382628067611632,0.07255670800805092
101,1,-0.75,0.7360480183408797,0.08384066075086594
102,1,-0.75,0.7338398742858571,0.07233881950378418
103,1,-0.75,0.7316383546629995,0.10493964701890945
104,1,-0.75,0.7294434395990105,0.07968954741954803
105,10,-0.96,0.7272551092802134,0.09742806814610958
106,5,-0.93,0.7250733439523728,0.09105523973703385
107,2,-0.72,0.7228981239205157,0.08135619387030602
108,1,-0.75,0.7207294295487541,0.09204623848199844
109,1,-0.75,0.7185672412601078,0.05743154510855675
110,2,-0.72,0.7164115395363275,0.08200548961758614
111,4,-0.81,0.7142623049177186,0.0752636007964611
112,1,-0.75,0.7121195180029655,0.09613428264856339
113,1,-0.75,0.7099831594489566,0.07216750085353851
114,4,-0.81,0.7078532099706097,0.09263444505631924
115,1,-0.75,0.7057296503406979,0.11481501907110214
116,6,-1.2,0.7036124613896758,0.08874714622894923
117,3,-0.84,0.7015016240055068,0.08075210203727086
118,9,-1.26,0.6993971191334902,0.09102863487270144
119,4,-0.96,0.6972989277760897,0.08077017776668072
120,1,-0.75,0.6952070309927615,0.09496892988681793
121,2,-0.87,0.6931214098997832,0.08433212339878082
122,1,-0.75,0.6910420456700839,0.07898704707622528
123,2,-0.87,0.6889689195330736,0.10726610571146011
124,1,-0.75,0.6869020127744744,0.07515963912010193
125,5,-1.08,0.684841306736151,0.09099140167236328
126,2,-0.87,0.6827867828159425,0.08421054482460022
127,1,-0.75,0.6807384224674947,0.0811561644077301
128,1,-0.75,0.6786962072000923,0.07876759022474289
129,2,-0.87,0.676660118578492,0.09202968701720238
130,3,-0.99,0.6746301382227565,0.08799001077810924
131,1,-0.75,0.6726062478080883,0.08701784908771515
132,1,-0.75,0.6705884290646641,0.08129195123910904
133,1,-0.75,0.66857666377747,0.09348925948143005
134,1,-0.75,0.6665709337861376,0.08207017183303833
135,1,-0.75,0.6645712209847792,0.08084341138601303
136,5,-0.78,0.6625775073218249,0.07889837473630905
137,2,-0.72,0.6605897747998594,0.09163336828351021
138,1,-0.75,0.6586080054754598,0.0724794864654541
139,2,-0.72,0.6566321814590335,0.09752050414681435
140,4,-1.11,0.6546622849146564,0.08478214032948017
141,2,-0.72,0.6526982980599124,0.10070283338427544
142,1,-0.75,0.6507402031657327,0.08906666189432144
143,5,-0.78,0.6487879825562355,0.08712519854307174
144,1,-0.75,0.6468416186085668,0.09869072586297989
145,2,-0.87,0.6449010937527411,0.07860835269093513
146,4,-0.96,0.6429663904714829,0.08665984682738781
147,1,-0.75,0.6410374913000684,0.08475251495838165
148,1,-0.75,0.6391143788261682,0.07633914053440094
149,1,-0.75,0.6371970356896897,0.10030423104763031
150,2,-0.72,0.6352854445826206,0.06265169754624367
151,4,-0.96,0.6333795882488727,0.08229109458625317
152,12,-1.17,0.6314794494841262,0.08461922345062096
153,2,-0.87,0.6295850111356738,0.08656734228134155
154,1,-0.75,0.6276962561022668,0.07882120460271835
155,5,-0.93,0.62581316733396,0.09095570296049119
156,4,-0.66,0.623935727831958,0.08422264643013477
157,1,-0.75,0.6220639206484622,0.10512752085924149
158,1,-0.75,0.6201977288865168,0.07744984328746796
159,6,-1.05,0.6183371356998573,0.08872149760524432
160,1,-0.75,0.6164821242927577,0.08368344604969025
161,1,-0.75,0.6146326779198794,0.09548550844192505
162,1,-0.75,0.6127887798861198,0.07354482263326645
163,6,-1.05,0.6109504135464614,0.08226608981688817
164,1,-0.75,0.609117562305822,0.10507278144359589
165,2,-0.87,0.6072902096189046,0.0803266391158104
166,1,-0.75,0.6054683389900478,0.08463379740715027
167,1,-0.75,0.6036519339730777,0.08384603261947632
168,6,-1.05,0.6018409781711584,0.08067605768640836
169,1,-0.75,0.6000354552366449,0.08880531787872314
170,1,-0.75,0.598235348870935,0.09036751091480255
171,2,-0.72,0.5964406428243222,0.08872071653604507
172,2,-0.72,0.5946513208958493,0.09065328910946846
173,8,-1.1400000000000001,0.5928673669331617,0.07433160580694675
174,6,-1.05,0.5910887648323622,0.0835460697611173
175,1,-0.75,0.5893154985378651,0.07619647681713104
176,2,-0.87,0.5875475520422515,0.0835401602089405
177,2,-0.72,0.5857849093861247,0.0878567136824131
178,2,-0.72,0.5840275546579663,0.0789552628993988
179,1,-0.75,0.5822754719939924,0.08247484266757965
180,1,-0.75,0.5805286455780104,0.10681658983230591
181,2,-0.87,0.5787870596412764,0.08454933762550354
182,1,-0.75,0.5770506984623526,0.07605979591608047
183,2,-0.87,0.5753195463669655,0.07732690125703812
184,7,-1.02,0.5735935877278646,0.08260808938315936
185,1,-0.75,0.571872806964681,0.09211140871047974
186,1,-0.75,0.5701571885437869,0.08716465532779694
187,1,-0.75,0.5684467169781556,0.08162751793861389
188,1,-0.75,0.5667413768272211,0.10158026218414307
189,1,-0.75,0.5650411526967395,0.07363628596067429
190,1,-0.75,0.5633460292386493,0.07846011966466904
191,4,-0.81,0.5616559911509333,0.08942247740924358
192,1,-0.75,0.5599710231774805,0.10883529484272003
193,4,-0.66,0.5582911101079481,0.08963262848556042
194,1,-0.75,0.5566162367776242,0.08215363323688507
195,3,-0.99,0.5549463880672914,0.07162700966000557
196,2,-0.72,0.5532815489030894,0.0778035819530487
197,3,-0.99,0.5516217042563801,0.08174001922210057
198,3,-0.84,0.549966839143611,0.08968958506981532
199,1,-0.75,0.5483169386261801,0.06786249577999115
200,4,-0.96,0.5466719878103016,0.08565128035843372
201,1,-0.75,0.5450319718468707,0.090718574821949
202,1,-0.75,0.5433968759313301,0.07749680429697037
203,1,-0.75,0.5417666853035361,0.08554724603891373
204,1,-0.75,0.5401413852476254,0.09562022238969803
205,2,-0.87,0.5385209610918825,0.10982104018330574
206,1,-0.75,0.5369053982086068,0.08223786950111389
207,1,-0.75,0.535294682013981,0.07840430736541748
208,3,-0.99,0.5336887979679391,0.07373618086179097
209,1,-0.75,0.5320877315740353,0.07482269406318665
210,1,-0.75,0.5304914683793133,0.08446967601776123
211,4,-0.96,0.5288999939741753,0.08409568481147289
212,2,-0.87,0.5273132939922528,0.08454286679625511
213,1,-0.75,0.525731354110276,0.07719817757606506
214,1,-0.75,0.5241541600479452,0.07468320429325104
215,1,-0.75,0.5225816975678014,0.08512555062770844
216,1,-0.75,0.521013952475098,0.1048186868429184
217,3,-0.84,0.5194509106176727,0.07742440203825633
218,1,-0.75,0.5178925578858197,0.09350079298019409
219,4,-0.96,0.5163388802121622,0.07372071407735348
220,2,-0.87,0.5147898635715258,0.08003648743033409
221,1,-0.75,0.5132454939808112,0.08667522668838501
222,1,-0.75,0.5117057574988688,0.08169165998697281
223,1,-0.75,0.5101706402263723,0.09579694271087646
224,1,-0.75,0.5086401283056932,0.07198294252157211
225,3,-0.99,0.5071142079207761,0.09192948291699092
226,1,-0.75,0.5055928652970137,0.08159970492124557
227,5,-0.93,0.5040760867011227,0.0818163812160492
228,1,-0.75,0.5025638584410194,0.09453937411308289
229,1,-0.75,0.5010561668656963,0.0884757712483406
230,2,-0.72,0.49955299836509925,0.09621177241206169
231,6,-0.9,0.49805433937000393,0.08374393917620182
232,1,-0.75,0.4965601763518939,0.07203967869281769
233,2,-0.72,0.49507049582283824,0.09240267053246498
234,1,-0.75,0.49358528433536975,0.07177731394767761
235,2,-0.72,0.49210452848236363,0.09599487856030464
236,1,-0.75,0.49062821489691655,0.07639587670564651
237,1,-0.75,0.4891563302522258,0.07560153305530548
238,1,-0.75,0.48768886126146915,0.08970985561609268
239,1,-0.75,0.48622579467768473,0.06941471993923187
240,3,-0.84,0.4847671172936517,0.0834646870692571
241,2,-0.87,0.4833128159417707,0.09718237817287445
242,1,-0.75,0.4818628774939454,0.08638020604848862
243,1,-0.75,0.48041728886146357,0.08241218328475952
244,1,-0.75,0.4789760369948792,0.08311976492404938
245,1,-0.75,0.47753910888389456,0.07736606150865555
246,6,-1.05,0.4761064915572429,0.07809665674964587
247,1,-0.75,0.4746781720825711,0.07593941688537598
248,4,-0.81,0.4732541375663234,0.08292345143854618
249,1,-0.75,0.4718343751536244,0.09625501185655594
250,1,-0.75,0.47041887202816357,0.08535481989383698
251,1,-0.75,0.4690076154120791,0.07626279443502426
252,1,-0.75,0.46760059256584285,0.07287023961544037
253,2,-0.72,0.4661977907881453,0.09330292418599129
254,4,-0.81,0.4647991974157809,0.08955317735671997
255,1,-0.75,0.46340479982353355,0.08811908960342407
256,2,-0.72,0.46201458542406293,0.09017977118492126
257,1,-0.75,0.4606285416677907,0.08218290656805038
258,1,-0.75,0.45924665604278736,0.11174514889717102
259,1,-0.75,0.457868916074659,0.12421875447034836
260,1,-0.75,0.45649530932643506,0.07477127015590668
261,1,-0.75,0.45512582339845575,0.09168863296508789
262,1,-0.75,0.45376044592826037,0.08234286308288574
263,1,-0.75,0.4523991645904756,0.08298608660697937
264,1,-0.75,0.45104196709670413,0.05981125310063362
265,1,-0.75,0.449688841195414,0.07928859442472458
266,2,-0.72,0.4483397746718278,0.08932306244969368
267,1,-0.75,0.4469947553478123,0.08809863030910492
268,1,-0.75,0.44565377108176885,0.08438090980052948
269,1,-0.75,0.44431680976852356,0.07610301673412323
270,2,-0.72,0.44298385933921797,0.09313486143946648
271,1,-0.75,0.4416549077612003,0.08544481545686722
272,1,-0.75,0.4403299430379167,0.08928154408931732
273,1,-0.75,0.43900895320880295,0.08464133739471436
274,2,-0.87,0.43769192634917653,0.09113612771034241
275,1,-0.75,0.436378850570129,0.08856106549501419
276,1,-0.75,0.4350697140184186,0.1071571409702301
277,2,-0.87,0.43376450487636337,0.08277662098407745
278,2,-0.87,0.43246321136173427,0.07719574123620987
279,1,-0.75,0.43116582172764906,0.08750994503498077
280,1,-0.75,0.42987232426246613,0.0545712374150753
281,1,-0.75,0.42858270728967873,0.06563127785921097
282,1,-0.75,0.4272969591678097,0.08168775588274002
283,4,-0.81,0.4260150682903063,0.08714622259140015
284,2,-0.72,0.4247370230854354,0.07538410276174545
285,4,-0.96,0.4234628120161791,0.08306511305272579
286,1,-0.75,0.42219242358013054,0.0971670001745224
287,1,-0.75,0.4209258463093902,0.10371562838554382
288,2,-0.72,0.419663068770462,0.10141202807426453
289,1,-0.75,0.4184040795641506,0.09461670368909836
290,1,-0.75,0.41714886732545814,0.07712379842996597
291,1,-0.75,0.41589742072348174,0.08690435439348221
292,1,-0.75,0.4146497284613113,0.0882820263504982
293,1,-0.75,0.41340577927592737,0.07584010064601898
294,1,-0.75,0.41216556193809956,0.08960464596748352
295,3,-0.84,0.41092906525228523,0.0910417412718137
296,1,-0.75,0.40969627805652836,0.08247261494398117
297,1,-0.75,0.40846718922235875,0.09081348776817322
298,3,-0.84,0.40724178765469166,0.08777224024136861
299,1,-0.75,0.4060200622917276,0.06313005834817886
300,1,-0.75,0.4048020021048524,0.08260626345872879
301,2,-0.72,0.40358759609853784,0.08672023564577103
302,1,-0.75,0.4023768333102422,0.1010000929236412
303,1,-0.75,0.4011697028103115,0.12461298704147339
304,1,-0.75,0.3999661937018806,0.09374178946018219
305,1,-0.75,0.39876629512077494,0.1086493730545044
306,1,-0.75,0.3975699962354126,0.09559741616249084
307,1,-0.75,0.3963772862467064,0.10206308215856552
308,3,-0.84,0.39518815438796623,0.09125870714584987
309,1,-0.75,0.3940025899248023,0.08412755280733109
310,1,-0.75,0.3928205821550279,0.10302889347076416
311,1,-0.75,0.39164212040856283,0.06630516052246094
312,4,-0.81,0.39046719404733715,0.08473220281302929
313,1,-0.75,0.38929579246519513,0.08628004789352417
314,1,-0.75,0.38812790508779954,0.09411894530057907
315,1,-0.75,0.38696352137253615,0.10583862662315369
316,2,-0.72,0.38580263080841853,0.09040441364049911
317,1,-0.75,0.3846452229159933,0.09152836352586746
318,3,-0.84,0.3834912872472453,0.08112126588821411
319,2,-0.72,0.3823408133855036,0.07152096927165985
320,1,-0.75,0.38119379094534706,0.07936517894268036
321,1,-0.75,0.380050209572511,0.07366535067558289
322,7,-1.17,0.3789100589437935,0.082195126584598
323,1,-0.75,0.3777733287669621,0.07348837703466415
324,1,-0.75,0.37664000878066123,0.08058327436447144
325,1,-0.75,0.37551008875431924,0.06507938355207443
326,1,-0.75,0.37438355848805627,0.09239731729030609
327,1,-0.75,0.3732604078125921,0.09339770674705505
328,4,-0.96,0.37214062658915437,0.08799688145518303
329,4,-0.96,0.3710242047093869,0.08871648274362087
330,1,-0.75,0.3699111320952587,0.08197231590747833
331,1,-0.75,0.36880139869897294,0.10023660957813263
332,1,-0.75,0.367694994502876,0.10704201459884644
333,1,-0.75,0.3665919095193674,0.08915399014949799
334,2,-0.72,0.36549213379080925,0.0952412486076355
335,1,-0.75,0.3643956573894368,0.11630039662122726
336,1,-0.75,0.3633024704172685,0.07348950952291489
337,1,-0.75,0.3622125630060167,0.07253856211900711
338,1,-0.75,0.3611259253169986,0.1006026491522789
339,1,-0.75,0.3600425475410476,0.044088028371334076
340,1,-0.75,0.3589624198984244,0.07023666799068451
341,1,-0.75,0.35788553263872913,0.08356057107448578
342,1,-0.75,0.35681187604081294,0.10179267078638077
343,1,-0.75,0.3557414404126905,0.0878605842590332
344,1,-0.75,0.35467421609145244,0.12236938625574112
345,3,-0.84,0.35361019344317807,0.08565122385819753
346,1,-0.75,0.35254936286284855,0.07022152841091156
347,1,-0.75,0.35149171477426,0.07630118727684021
348,1,-0.75,0.3504372396299372,0.06980670988559723
349,1,-0.75,0.3493859279110474,0.09412491321563721
350,1,-0.75,0.34833777012731426,0.0818905159831047
351,2,-0.72,0.34729275681693234,0.09788791090250015
352,2,-0.87,0.3462508785464815,0.09582837671041489
353,2,-0.72,0.34521212591084205,0.08753794059157372
354,1,-0.75,0.34417648953310953,0.09414869546890259
355,1,-0.75,0.3431439600645102,0.09402763843536377
356,1,-0.75,0.34211452818431665,0.09541790187358856
357,3,-0.84,0.3410881845997637,0.07811016341050465
358,1,-0.75,0.3400649200459644,0.08908383548259735
359,1,-0.75,0.3390447252858265,0.10808403789997101
360,1,-0.75,0.33802759110996905,0.08085267245769501
361,1,-0.75,0.3370135083366391,0.0837666317820549
362,1,-0.75,0.3360024678116292,0.0726848840713501
363,1,-0.75,0.3349944604081943,0.08095535635948181
364,1,-0.75,0.33398947702696974,0.09829042851924896
365,1,-0.75,0.3329875085958888,0.07909826934337616
366,1,-0.75,0.33198854607010114,0.06986634433269501
367,1,-0.75,0.33099258043189084,0.08960579335689545
368,1,-0.75,0.32999960269059514,0.09123414754867554
369,1,-0.75,0.32900960388252337,0.06416173279285431
370,1,-0.75,0.3280225750708758,0.09194017946720123
371,1,-0.75,0.32703850734566314,0.10200659930706024
372,1,-0.75,0.32605739182362614,0.07061003148555756
373,1,-0.75,0.3250792196481553,0.0997183695435524
374,1,-0.75,0.3241039819892108,0.09323912858963013
375,1,-0.75,0.32313167004324317,0.08102841675281525
376,1,-0.75,0.32216227503311345,0.08386365324258804
377,1,-0.75,0.3211957882080141,0.09271930158138275
378,1,-0.75,0.32023220084339005,0.08932388573884964
379,1,-0.75,0.31927150424085987,0.07245519757270813
380,1,-0.75,0.3183136897281373,0.07644610106945038
381,2,-0.72,0.31735874865895286,0.08068199455738068
382,1,-0.75,0.316406672412976,0.08627598732709885
383,1,-0.75,0.3154574523957371,0.08911910653114319
384,2,-0.72,0.3145110800385499,0.08366522192955017
385,1,-0.75,0.31356754679843424,0.08221793174743652
386,1,-0.75,0.31262684415803893,0.07809992134571075
387,1,-0.75,0.3116889636255648,0.07895328104496002
388,1,-0.75,0.3107538967346881,0.06700742989778519
389,1,-0.75,0.30982163504448407,0.08158604800701141
390,4,-0.96,0.3088921701393506,0.08459541387856007
391,1,-0.75,0.30796549362893255,0.06984963268041611
392,3,-0.84,0.30704159714804574,0.08450417717297871
393,2,-0.72,0.3061204723566016,0.09313830733299255
394,2,-0.72,0.3052021109395318,0.07752103358507156
395,1,-0.75,0.3042865046067132,0.09875677525997162
396,1,-0.75,0.30337364509289305,0.08384225517511368
397,1,-0.75,0.30246352415761435,0.0926360934972763
398,1,-0.75,0.3015561335851415,0.10338781028985977
399,1,-0.75,0.30065146518438607,0.07635851204395294
400,1,-0.75,0.2997495107888329,0.07742048799991608
401,1,-0.75,0.2988502622564664,0.09288618713617325
402,1,-0.75,0.29795371146969696,0.08105524629354477
403,1,-0.75,0.29705985033528787,0.10224723070859909
404,1,-0.75,0.296168670784282,0.10521884262561798
405,1,-0.75,0.29528016477192914,0.06436082720756531
406,1,-0.75,0.29439432427761336,0.0853414237499237
407,3,-0.84,0.2935111413047805,0.09063805143038432
408,1,-0.75,0.29263060788086614,0.0663432702422142
409,2,-0.72,0.2917527160572235,0.09211502969264984
410,1,-0.75,0.29087745790905184,0.07067137956619263
411,1,-0.75,0.2900048255353247,0.08954877406358719
412,1,-0.75,0.28913481105871874,0.09436878561973572
413,3,-0.84,0.28826740662554257,0.08339044451713562
414,1,-0.75,0.28740260440566595,0.0816359594464302
415,1,-0.75,0.28654039659244895,0.11112887412309647
416,2,-0.72,0.2856807754026716,0.07706211879849434
417,1,-0.75,0.2848237330764636,0.06891975551843643
418,1,-0.75,0.2839692618772342,0.09992966055870056
419,1,-0.75,0.2831173540916025,0.08274757117033005
420,2,-0.87,0.28226800202932767,0.08284749835729599
421,1,-0.75,0.28142119802323967,0.07429423928260803
422,1,-0.75,0.28057693442917,0.08574743568897247
423,1,-0.75,0.27973520362588244,0.0791778713464737
424,1,-0.75,0.2788959980150048,0.1031126007437706
425,4,-0.81,0.2780593100209598,0.08180720545351505
426,1,-0.75,0.2772251320908969,0.05453047901391983
427,1,-0.75,0.2763934566946242,0.08628395199775696
428,1,-0.75,0.2755642763245403,0.11222703009843826
429,1,-0.75,0.27473758349556665,0.08324028551578522
430,1,-0.75,0.27391337074507993,0.0715031623840332
431,1,-0.75,0.2730916306328447,0.08615055680274963
432,4,-0.81,0.27227235574094616,0.08354968205094337
433,1,-0.75,0.2714555386737233,0.07586072385311127
434,1,-0.75,0.2706411720577021,0.09497405588626862
435,1,-0.75,0.269829248541529,0.08964799344539642
436,2,-0.72,0.2690197607959044,0.07944801822304726
437,1,-0.75,0.26821270151351667,0.084443099796772
438,1,-0.75,0.2674080634089761,0.07058088481426239
439,1,-0.75,0.2666058392187492,0.0944385901093483
440,3,-0.84,0.26580602170109296,0.07769698649644852
441,1,-0.75,0.26500860363598966,0.057269610464572906
442,1,-0.75,0.2642135778250817,0.08238434046506882
443,1,-0.75,0.26342093709160647,0.08672165125608444
444,1,-0.75,0.26263067428033166,0.08725258708000183
445,1,-0.75,0.26184278225749064,0.08161044120788574
446,1,-0.75,0.26105725391071816,0.08261992782354355
447,2,-0.87,0.260274082148986,0.10024527832865715
448,2,-0.72,0.2594932599025391,0.0713813304901123
449,1,-0.75,0.25871478012283144,0.07101240009069443
450,1,-0.75,0.25793863578246295,0.11441540718078613
451,2,-0.87,0.2571648198751156,0.09143353998661041
452,1,-0.75,0.25639332541549026,0.08884762227535248
453,1,-0.75,0.2556241454392438,0.07487986981868744
454,1,-0.75,0.25485727300292604,0.09682504832744598
455,1,-0.75,0.25409270118391725,0.07907333970069885
456,1,-0.75,0.2533304230803655,0.0922696590423584
457,1,-0.75,0.25257043181112443,0.07081234455108643
458,1,-0.75,0.25181272051569104,0.08798158913850784
459,1,-0.75,0.251057282354144,0.09713539481163025
460,1,-0.75,0.25030411050708157,0.07561814785003662
461,1,-0.75,0.24955319817556032,0.08903864026069641
462,1,-0.75,0.24880453858103363,0.10914764553308487
463,1,-0.75,0.24805812496529053,0.06719527393579483
464,1,-0.75,0.24731395059039465,0.09911587834358215
465,1,-0.75,0.24657200873862348,0.09303558617830276
466,1,-0.75,0.2458322927124076,0.0895218700170517
467,1,-0.75,0.24509479583427038,0.09969492256641388
468,1,-0.75,0.24435951144676757,0.07668066024780273
469,1,-0.75,0.24362643291242728,0.07799898087978363
470,1,-0.75,0.24289555361369,0.07634449005126953
471,1,-0.75,0.24216686695284892,0.08897414803504944
472,1,-0.75,0.24144036635199037,0.06956460326910019
473,1,-0.75,0.24071604525293439,0.08011502772569656
474,3,-0.84,0.2399938971171756,0.08220568299293518
475,1,-0.75,0.23927391542582405,0.07337802648544312
476,2,-0.72,0.23855609367954658,0.09486139938235283
477,1,-0.75,0.23784042539850794,0.10092189908027649
478,1,-0.75,0.2371269041223124,0.09840274602174759
479,1,-0.75,0.23641552340994548,0.06484462320804596
480,1,-0.75,0.23570627683971565,0.08449718356132507
481,1,-0.75,0.2349991580091965,0.08222296833992004
482,1,-0.75,0.2342941605351689,0.06627676635980606
483,1,-0.75,0.23359127805356342,0.08173459768295288
484,1,-0.75,0.23289050421940272,0.10316640883684158
485,1,-0.75,0.2321918327067445,0.08274508267641068
486,1,-0.75,0.23149525720862427,0.08955115079879761
487,2,-0.72,0.2308007714369984,0.09078406542539597
488,1,-0.75,0.2301083691226874,0.10805529356002808
489,1,-0.75,0.22941804401531934,0.07635591924190521
490,2,-0.72,0.2287297898832734,0.08617477864027023
491,1,-0.75,0.22804360051362357,0.082578644156456
492,1,-0.75,0.2273594697120827,0.07759813964366913
493,2,-0.87,0.22667739130294645,0.06925793178379536
494,1,-0.75,0.22599735912903762,0.07566913217306137
495,1,-0.75,0.2253193670516505,0.07045330107212067
496,1,-0.75,0.22464340895049556,0.0875592976808548
497,1,-0.75,0.22396947872364406,0.07462505251169205
498,1,-0.75,0.22329757028747313,0.07935041189193726
499,1,-0.75,0.2226276775766107,0.10019049048423767
500,1,-0.75,0.22195979454388087,0.08806994557380676
501,1,-0.75,0.22129391516024924,0.0729195773601532
502,1,-0.75,0.2206300334147685,0.09243309497833252
503,1,-0.75,0.2199681433145242,0.06733435392379761
504,1,-0.75,0.21930823888458062,0.09008973836898804
505,3,-0.84,0.21865031416792688,0.0823029230038325
506,2,-0.72,0.2179943632254231,0.09063242748379707
507,1,-0.75,0.21734038013574683,0.08315853774547577
508,1,-0.75,0.21668835899533959,0.0811523050069809
509,1,-0.75,0.21603829391835358,0.08062821626663208
510,1,-0.75,0.21539017903659852,0.10392279922962189
511,1,-0.75,0.21474400849948871,0.0890011116862297
512,3,-0.84,0.21409977647399026,0.08314714084068935
513,1,-0.75,0.21345747714456828,0.09545460343360901
514,1,-0.75,0.21281710471313459,0.08268813788890839
515,1,-0.75,0.2121786533989952,0.09271694719791412
516,1,-0.75,0.2115421174387982,0.0844087228178978
517,1,-0.75,0.2109074910864818,0.1023789644241333
518,1,-0.75,0.21027476861322236,0.07498026639223099
519,1,-0.75,0.2096439443073827,0.08370116353034973
520,1,-0.75,0.20901501247446055,0.0923689752817154
521,1,-0.75,0.20838796743703716,0.07485376298427582
522,1,-0.75,0.20776280353472606,0.09911897778511047
523,1,-0.75,0.20713951512412188,0.07669788599014282
524,1,-0.75,0.2065180965787495,0.07058490812778473
525,1,-0.75,0.20589854228901325,0.09073656052350998
526,1,-0.75,0.20528084666214622,0.08393301069736481
527,1,-0.75,0.20466500412215977,0.08589322119951248
528,1,-0.75,0.2040510091097933,0.08834858238697052
529,1,-0.75,0.2034388560824639,0.067047119140625
530,1,-0.75,0.2028285395142165,0.10005743056535721
531,1,-0.75,0.20222005389567385,0.08701413869857788
532,1,-0.75,0.20161339373398682,0.08030848205089569
533,1,-0.75,0.20100855355278485,0.08020409941673279
534,1,-0.75,0.20040552789212648,0.09602341800928116
535,1,-0.75,0.1998043113084501,0.0861259177327156
536,1,-0.75,0.19920489837452476,0.09801840782165527
537,1,-0.75,0.1986072836794012,0.09354407340288162
538,1,-0.75,0.198011461828363,0.09446991235017776
539,2,-0.72,0.1974174274428779,0.07230116426944733
540,1,-0.75,0.19682517516054926,0.08939599990844727
541,1,-0.75,0.19623469963506762,0.07331323623657227
542,1,-0.75,0.1956459955361624,0.08723875135183334
543,1,-0.75,0.1950590575495539,0.09740082919597626
544,1,-0.75,0.19447388037690524,0.07463207095861435
545,1,-0.75,0.19389045873577454,0.06704294681549072
546,1,-0.75,0.19330878735956722,0.0809633880853653
547,1,-0.75,0.1927288609974885,0.07023973017930984
548,1,-0.75,0.19215067441449604,0.07609480619430542
549,1,-0.75,0.19157422239125255,0.0935651957988739
550,1,-0.75,0.1909994997240788,0.07544828951358795
551,1,-0.75,0.19042650122490654,0.07460971176624298
552,1,-0.75,0.18985522172123181,0.0858721137046814
553,1,-0.75,0.18928565605606812,0.10032819211483002
554,1,-0.75,0.1887177990878999,0.08220972120761871
555,1,-0.75,0.1881516456906362,0.06564347445964813
556,1,-0.75,0.18758719075356428,0.09150606393814087
557,1,-0.75,0.18702442918130358,0.10124684870243073
558,1,-0.75,0.18646335589375967,0.08905895054340363
559,1,-0.75,0.1859039658260784,0.0883246511220932
560,2,-0.72,0.18534625392860016,0.07994725927710533
561,1,-0.75,0.18479021516681435,0.0721677839756012
562,1,-0.75,0.1842358445213139,0.07470305263996124
563,1,-0.75,0.18368313698774996,0.08237631618976593
564,1,-0.75,0.1831320875767867,0.06943254172801971
565,3,-0.84,0.18258269131405633,0.09683327376842499
566,3,-0.84,0.18203494324011416,0.09162592887878418
567,1,-0.75,0.18148883841039382,0.08500652760267258
568,2,-0.72,0.18094437189516263,0.07455239444971085
569,1,-0.75,0.18040153877947715,0.08456113189458847
570,1,-0.75,0.1798603341631387,0.10316009074449539
571,1,-0.75,0.1793207531606493,0.09043970704078674
572,1,-0.75,0.17878279090116736,0.09746026992797852
573,1,-0.75,0.17824644252846386,0.07345829159021378
574,1,-0.75,0.17771170320087848,0.07657525688409805
575,2,-0.87,0.17717856809127586,0.08027053996920586
576,1,-0.75,0.17664703238700202,0.09082172811031342
577,1,-0.75,0.17611709128984102,0.07600916922092438
578,1,-0.75,0.1755887400159715,0.09746626019477844
579,1,-0.75,0.1750619737959236,0.08309856057167053
580,1,-0.75,0.1745367878745358,0.07584336400032043
581,1,-0.75,0.1740131775109122,0.11822901666164398
582,1,-0.75,0.17349113797837945,0.0764925479888916
583,1,-0.75,0.17297066456444432,0.11626777052879333
584,1,-0.75,0.172451752570751,0.0811363160610199
585,1,-0.75,0.17193439731303872,0.08717184513807297
586,1,-0.75,0.1714185941210996,0.06873603165149689
587,1,-0.75,0.1709043383387363,0.08000846207141876
588,1,-0.75,0.1703916253237201,0.06142134964466095
589,1,-0.75,0.16988045044774894,0.08069860935211182
590,1,-0.75,0.1693708090964057,0.06697742640972137
591,1,-0.75,0.1688626966691165,0.07259735465049744
592,1,-0.75,0.16835610857910915,0.08604054152965546
593,1,-0.75,0.16785104025337183,0.0635363906621933
594,1,-0.75,0.16734748713261172,0.07821320742368698
595,1,-0.75,0.16684544467121387,0.09032830595970154
596,1,-0.75,0.16634490833720023,0.09443213790655136
597,1,-0.75,0.16584587361218864,0.10525147616863251
598,2,-0.72,0.16534833599135207,0.09089725464582443
599,2,-0.87,0.164852290983378,0.08329582586884499
600,1,-0.75,0.16435773411042787,0.06384589523077011
601,1,-0.75,0.1638646609080966,0.07890591025352478
602,1,-0.75,0.1633730669253723,0.1057589128613472
603,1,-0.75,0.16288294772459616,0.1080017164349556
604,1,-0.75,0.16239429888142237,0.0856747254729271
605,1,-0.75,0.1619071159847781,0.0924728587269783
606,1,-0.75,0.16142139463682378,0.07758019864559174
607,1,-0.75,0.1609371304529133,0.09009556472301483
608,1,-0.75,0.16045431906155455,0.09060071408748627
609,3,-0.84,0.15997295610436987,0.07926953335603078
610,1,-0.75,0.15949303723605676,0.0691622868180275
611,1,-0.75,0.1590145581243486,0.10380759835243225
612,1,-0.75,0.15853751444997555,0.09716260433197021
613,1,-0.75,0.1580619019066256,0.08948050439357758
614,1,-0.75,0.15758771620090573,0.08333474397659302
615,1,-0.75,0.157114953052303,0.07324105501174927
616,1,-0.75,0.1566436081931461,0.09895962476730347
617,3,-0.84,0.15617367736856666,0.0858588640888532
618,1,-0.75,0.15570515633646095,0.08493463695049286
619,1,-0.75,0.15523804086745158,0.0888117253780365
620,2,-0.72,0.15477232674484923,0.08418767154216766
621,1,-0.75,0.15430800976461467,0.08149947226047516
622,1,-0.75,0.15384508573532082,0.08878298103809357
623,1,-0.75,0.15338355047811486,0.09635858982801437
624,1,-0.75,0.15292339982668052,0.09236405789852142
625,2,-0.72,0.15246462962720048,0.08901788666844368
626,1,-0.75,0.15200723573831887,0.08707332611083984
627,1,-0.75,0.15155121403110391,0.10551566630601883
628,1,-0.75,0.1510965603890106,0.08412276208400726
629,1,-0.75,0.15064327070784356,0.08603593707084656
630,1,-0.75,0.15019134089572003,0.06382417678833008
631,1,-0.75,0.14974076687303287,0.0897483229637146
632,1,-0.75,0.14929154457241375,0.07617536187171936
633,1,-0.75,0.14884366993869652,0.10842767357826233
634,1,-0.75,0.14839713892888043,0.06791435927152634
635,1,-0.75,0.14795194751209378,0.0657397210597992
636,1,-0.75,0.1475080916695575,0.0842272937297821
637,1,-0.75,0.14706556739454882,0.11058127135038376
638,1,-0.75,0.14662437069236517,0.09055133163928986
639,1,-0.75,0.14618449758028806,0.0943136066198349
640,1,-0.75,0.1457459440875472,0.09109388291835785
641,1,-0.75,0.14530870625528455,0.09198606759309769
642,1,-0.75,0.1448727801365187,0.10082131624221802
643,1,-0.75,0.14443816179610913,0.09013765305280685
644,1,-0.75,0.1440048473107208,0.07870755344629288
645,1,-0.75,0.14357283276878863,0.08812084048986435
646,1,-0.75,0.14314211427048226,0.06492920219898224
647,1,-0.75,0.1427126879276708,0.08398708701133728
648,1,-0.75,0.1422845498638878,0.09334687143564224
649,1,-0.75,0.14185769621429614,0.08072060346603394
650,1,-0.75,0.14143212312565326,0.09356485307216644
651,1,-0.75,0.1410078267562763,0.09906814992427826
652,1,-0.75,0.14058480327600748,0.08867084980010986
653,1,-0.75,0.14016304886617945,0.08696827292442322
654,1,-0.75,0.1397425597195809,0.07771372050046921
655,1,-0.75,0.13932333204042216,0.07211901247501373
656,1,-0.75,0.1389053620443009,0.10174594819545746
657,1,-0.75,0.138488645958168,0.09307129681110382
658,1,-0.75,0.1380731800202935,0.11932384967803955
659,1,-0.75,0.13765896048023263,0.09214791655540466
660,2,-0.72,0.13724598359879192,0.07382168993353844
661,1,-0.75,0.13683424564799554,0.07985004782676697
662,2,-0.87,0.13642374291105155,0.10183132439851761
663,2,-0.87,0.1360144716823184,0.08007533475756645
664,1,-0.75,0.13560642826727143,0.08387473225593567
665,1,-0.75,0.1351996089824696,0.09008051455020905
666,1,-0.75,0.1347940101555222,0.08230653405189514
667,3,-0.84,0.13438962812505564,0.07725745439529419
668,1,-0.75,0.13398645924068048,0.10163326561450958
669,1,-0.75,0.13358449986295842,0.06950125843286514
670,1,-0.75,0.13318374636336955,0.0876007229089737
671,1,-0.75,0.13278419512427944,0.07269257307052612
672,1,-0.75,0.1323858425389066,0.069877490401268
673,1,-0.75,0.13198868501128988,0.10298692435026169
674,1,-0.75,0.13159271895625602,0.11060699075460434
675,1,-0.75,0.13119794079938724,0.09036188572645187
676,1,-0.75,0.13080434697698906,0.09097088873386383
677,1,-0.75,0.1304119339360581,0.10834372043609619
678,2,-0.72,0.13002069813424993,0.0867454819381237
679,1,-0.75,0.12963063603984717,0.08697095513343811
680,3,-0.84,0.12924174413172762,0.08929138630628586
681,1,-0.75,0.12885401889933243,0.09185278415679932
682,1,-0.75,0.12846745684263444,0.09525129944086075
683,1,-0.75,0.12808205447210655,0.1003379374742508
684,1,-0.75,0.12769780830869024,0.07711197435855865
685,3,-0.84,0.12731471488376417,0.08382884909709294
686,1,-0.75,0.12693277073911288,0.08795119822025299
687,1,-0.75,0.12655197242689553,0.08294466137886047
688,1,-0.75,0.12617231650961486,0.0858675166964531
689,1,-0.75,0.12579379956008602,0.07888287305831909
690,1,-0.75,0.12541641816140575,0.08948323130607605
691,1,-0.75,0.12504016890692154,0.0755486860871315
692,1,-0.75,0.12466504840020078,0.08162612468004227
693,1,-0.75,0.12429105325500017,0.09596659243106842
694,1,-0.75,0.12391818009523517,0.10382144153118134
695,2,-0.87,0.12354642555494946,0.09861615672707558
696,1,-0.75,0.12317578627828461,0.09638272225856781
697,1,-0.75,0.12280625891944975,0.07439611852169037
698,1,-0.75,0.1224378401426914,0.09370030462741852
699,1,-0.75,0.12207052662226334,0.09397490322589874
700,2,-0.87,0.12170431504239655,0.09355490282177925
701,1,-0.75,0.12133920209726937,0.09475114941596985
702,1,-0.75,0.12097518449097756,0.08911218494176865
703,1,-0.75,0.12061225893750463,0.08906999230384827
704,1,-0.75,0.12025042216069212,0.09769827872514725
705,1,-0.75,0.11988967089421004,0.08351877331733704
706,1,-0.75,0.11953000188152742,0.09047284722328186
707,1,-0.75,0.11917141187588283,0.10132624208927155
708,2,-0.87,0.11881389764025518,0.0795627124607563
709,1,-0.75,0.11845745594733442,0.07440029084682465
710,1,-0.75,0.11810208357949242,0.09158311039209366
711,1,-0.75,0.11774777732875394,0.06972987949848175
712,1,-0.75,0.11739453399676768,0.07411392033100128
713,1,-0.75,0.11704235039477738,0.07219742238521576
714,1,-0.75,0.11669122334359305,0.08732658624649048
715,1,-0.75,0.11634114967356228,0.08922655135393143
716,3,-0.84,0.1159921262245416,0.08041783422231674
717,1,-0.75,0.11564414984586797,0.08161287754774094
718,1,-0.75,0.11529721739633036,0.09334324300289154
719,1,-0.75,0.11495132574414137,0.09252193570137024
720,4,-0.81,0.11460647176690894,0.09987577795982361
721,2,-0.72,0.11426265235160821,0.0872015543282032
722,1,-0.75,0.11391986439455339,0.09093596041202545
723,1,-0.75,0.11357810480136972,0.09984077513217926
724,1,-0.75,0.11323737048696561,0.09608950465917587
725,1,-0.75,0.11289765837550471,0.07507389783859253
726,1,-0.75,0.1125589654003782,0.10401579737663269
727,1,-0.75,0.11222128850417706,0.09485770761966705
728,5,-0.93,0.11188462463866453,0.08691943436861038
729,1,-0.75,0.11154897076474853,0.09376837313175201
730,2,-0.72,0.11121432385245428,0.08792518451809883
731,1,-0.75,0.11088068088089692,0.08021295815706253
732,1,-0.75,0.11054803883825423,0.09126421809196472
733,3,-0.84,0.11021639472173947,0.07144361237684886
734,1,-0.75,0.10988574553757426,0.08233129233121872
735,1,-0.75,0.10955608830096153,0.08041338622570038
736,1,-0.75,0.10922742003605865,0.07658741623163223
737,1,-0.75,0.10889973777595047,0.08388067781925201
738,1,-0.75,0.10857303856262261,0.08009950816631317
739,1,-0.75,0.10824731944693475,0.0828794315457344
740,1,-0.75,0.10792257748859395,0.08256787061691284
741,1,-0.75,0.10759880975612816,0.09632906317710876
742,1,-0.75,0.10727601332685978,0.08776170760393143
743,1,-0.75,0.1069541852868792,0.10725580155849457
744,1,-0.75,0.10663332273101855,0.0740041583776474
745,1,-0.75,0.1063134227628255,0.09801671653985977
746,2,-0.87,0.10599448249453702,0.088118065148592
747,1,-0.75,0.10567649904705341,0.07900305837392807
748,1,-0.75,0.10535946954991225,0.11976402252912521
749,1,-0.75,0.10504339114126252,0.0643680989742279
750,1,-0.75,0.10472826096783873,0.08490076661109924
751,1,-0.75,0.10441407618493521,0.08479340374469757
752,1,-0.75,0.10410083395638041,0.07573685795068741
753,1,-0.75,0.10378853145451127,0.09473109245300293
754,4,-0.81,0.10347716586014773,0.07333849277347326
755,1,-0.75,0.10316673436256728,0.09238867461681366
756,1,-0.75,0.10285723415947957,0.0964599996805191
757,1,-0.75,0.10254866245700113,0.07981031388044357
758,1,-0.75,0.10224101646963013,0.08177563548088074
759,3,-0.84,0.10193429342022124,0.08370456844568253
760,1,-0.75,0.10162849053996058,0.0814894586801529
761,1,-0.75,0.10132360506834069,0.09996272623538971
762,1,-0.75,0.10101963425313566,0.10354425758123398
763,1,-0.75,0.10071657535037626,0.08456610888242722
764,1,-0.75,0.10041442562432513,0.09543371945619583
765,1,-0.75,0.10011318234745216,0.07531163096427917
766,3,-0.84,0.0998128428004098,0.09270046651363373
767,1,-0.75,0.09951340427200858,0.0729265958070755
768,1,-0.75,0.09921486405919255,0.09201917797327042
769,1,-0.75,0.09891721946701497,0.08250537514686584
770,1,-0.75,0.09862046780861393,0.0802174061536789
771,1,-0.75,0.09832460640518809,0.07839688658714294
772,1,-0.75,0.09802963258597253,0.07574190199375153
773,1,-0.75,0.0977355436882146,0.09585186839103699
774,1,-0.75,0.09744233705714996,0.08690769970417023
775,1,-0.75,0.09715001004597851,0.08148784935474396
776,1,-0.75,0.09685856001584058,0.10493608564138412
777,2,-0.72,0.09656798433579306,0.0854535810649395
778,1,-0.75,0.09627828038278567,0.09142712503671646
779,1,-0.75,0.09598944554163731,0.0868874341249466
780,1,-0.75,0.0957014772050124,0.08271992206573486
781,1,-0.75,0.09541437277339737,0.09292875230312347
782,1,-0.75,0.09512812965507718,0.08491481095552444
783,1,-0.75,0.09484274526611194,0.07393812388181686
784,1,-0.75,0.09455821703031361,0.07412514090538025
785,2,-0.87,0.09427454237922267,0.0925372838973999
786,1,-0.75,0.09399171875208501,0.08324666321277618
787,1,-0.75,0.09370974359582875,0.08391764760017395
788,1,-0.75,0.09342861436504125,0.08064013719558716
789,1,-0.75,0.09314832852194613,0.09113648533821106
790,1,-0.75,0.09286888353638029,0.10381175577640533
791,1,-0.75,0.09259027688577115,0.09372122585773468
792,1,-0.75,0.09231250605511383,0.07660332322120667
793,1,-0.75,0.0920355685369485,0.08384987711906433
794,1,-0.75,0.09175946183133765,0.0959632471203804
795,1,-0.75,0.09148418344584364,0.0752498209476471
796,1,-0.75,0.0912097308955061,0.10477457195520401
797,1,-0.75,0.09093610170281959,0.07619734853506088
798,1,-0.75,0.09066329339771112,0.11305345594882965
799,1,-0.75,0.09039130351751799,0.09467151761054993
800,1,-0.75,0.09012012960696544,0.0722111165523529
801,1,-0.75,0.08984976921814454,0.08098459243774414
802,1,-0.75,0.0895802199104901,0.09222118556499481
803,1,-0.75,0.08931147925075864,0.09505578130483627
804,1,-0.75,0.08904354481300636,0.10647650063037872
805,1,-0.75,0.08877641417856734,0.09179119765758514
806,1,-0.75,0.08851008493603164,0.07135673612356186
807,1,-0.75,0.08824455468122355,0.09932419657707214
808,4,-0.96,0.08797982101717988,0.08281531557440758
809,1,-0.75,0.08771588155412834,0.1127871423959732
810,1,-0.75,0.08745273390946595,0.08480684459209442
811,1,-0.75,0.08719037570773755,0.10279450565576553
812,1,-0.75,0.08692880458061433,0.0941152274608612
813,1,-0.75,0.08666801816687249,0.07312044501304626
814,1,-0.75,0.08640801411237187,0.09943816810846329
815,1,-0.75,0.08614879007003474,0.08338785916566849
816,1,-0.75,0.08589034369982464,0.10228079557418823
817,1,-0.75,0.08563267266872517,0.07276394218206406
818,1,-0.75,0.085375774650719,0.08226406574249268
819,1,-0.75,0.08511964732676684,0.09159280359745026
820,1,-0.75,0.08486428838478655,0.09484902024269104
821,1,-0.75,0.08460969551963218,0.09427766501903534
822,1,-0.75,0.08435586643307329,0.09006574004888535
823,1,-0.75,0.08410279883377407,0.1004045158624649
824,1,-0.75,0.08385049043727275,0.0626056119799614
825,1,-0.75,0.08359893896596093,0.09415622800588608
826,1,-0.75,0.08334814214906305,0.0885499119758606
827,1,-0.75,0.08309809772261587,0.08152614533901215
828,1,-0.75,0.08284880342944802,0.07849419116973877
829,1,-0.75,0.08260025701915967,0.09434407204389572
830,1,-0.75,0.0823524562481022,0.07779688388109207
831,1,-0.75,0.08210539887935789,0.09256690740585327
832,1,-0.75,0.08185908268271981,0.07483275234699249
833,1,-0.75,0.08161350543467165,0.07524093985557556
834,1,-0.75,0.08136866491836764,0.07820290327072144
835,1,-0.75,0.08112455892361253,0.09148749709129333
836,1,-0.75,0.0808811852468417,0.07606060057878494
837,1,-0.75,0.08063854169110117,0.1058797687292099
838,1,-0.75,0.08039662606602786,0.10743150115013123
839,1,-0.75,0.08015543618782978,0.08901213109493256
840,1,-0.75,0.07991496987926629,0.09334257245063782
841,1,-0.75,0.07967522496962849,0.10878027975559235
842,1,-0.75,0.07943619929471961,0.09343330562114716
843,1,-0.75,0.07919789069683544,0.09060472249984741
844,1,-0.75,0.07896029702474494,0.08313781768083572
845,1,-0.75,0.0787234161336707,0.09070973098278046
846,1,-0.75,0.07848724588526969,0.09578448534011841
847,1,-0.75,0.07825178414761388,0.07790195941925049
848,1,-0.75,0.07801702879517104,0.07923504710197449
849,1,-0.75,0.07778297770878553,0.09097214788198471
850,1,-0.75,0.07754962877565917,0.07028768956661224
851,1,-0.75,0.0773169798893322,0.08676250278949738
852,1,-0.75,0.07708502894966421,0.09691030532121658
853,1,-0.75,0.07685377386281522,0.06977692991495132
854,1,-0.75,0.07662321254122678,0.09900975972414017
855,1,-0.75,0.0763933429036031,0.0915747806429863
856,1,-0.75,0.07616416287489229,0.08050777018070221
857,1,-0.75,0.07593567038626761,0.08366069197654724
858,1,-0.75,0.0757078633751088,0.08116219192743301
859,1,-0.75,0.07548073978498347,0.07410364598035812
860,1,-0.75,0.07525429756562853,0.10872970521450043
861,1,-0.75,0.07502853467293165,0.07231729477643967
862,1,-0.75,0.07480344906891286,0.09996726363897324
863,1,-0.75,0.07457903872170611,0.1067705899477005
864,1,-0.75,0.07435530160554099,0.09847483038902283
865,1,-0.75,0.07413223570072437,0.08534224331378937
866,1,-0.75,0.0739098389936222,0.07710468769073486
867,1,-0.75,0.07368810947664134,0.09627094119787216
868,1,-0.75,0.07346704514821141,0.10614867508411407
869,1,-0.75,0.07324664401276677,0.07622495293617249
870,1,-0.75,0.07302690408072847,0.09239012002944946
871,1,-0.75,0.07280782336848628,0.07973109185695648
872,1,-0.75,0.07258939989838081,0.07235944271087646
873,1,-0.75,0.07237163169868567,0.07854355871677399
874,1,-0.75,0.07215451680358961,0.09251058846712112
875,1,-0.75,0.07193805325317884,0.08064304292201996
876,1,-0.75,0.07172223909341931,0.08040520548820496
877,1,-0.75,0.07150707237613906,0.097971111536026
878,1,-0.75,0.07129255115901063,0.09347366541624069
879,1,-0.75,0.0710786735055336,0.08002296835184097
880,1,-0.75,0.07086543748501699,0.10174177587032318
881,1,-0.75,0.07065284117256193,0.08130194991827011
882,1,-0.75,0.07044088264904425,0.07337956875562668
883,1,-0.75,0.07022956000109712,0.09261278808116913
884,1,-0.75,0.07001887132109383,0.09915691614151001
885,1,-0.75,0.06980881470713055,0.08229083567857742
886,1,-0.75,0.06959938826300915,0.08664565533399582
887,1,-0.75,0.06939059009822013,0.08704515546560287
888,1,-0.75,0.06918241832792547,0.0985415056347847
889,1,-0.75,0.0689748710729417,0.09312159568071365
890,1,-0.75,0.06876794645972288,0.08984751254320145
891,1,-0.75,0.06856164262034371,0.10651177912950516
892,1,-0.75,0.06835595769248268,0.09214089810848236
893,1,-0.75,0.06815088981940523,0.09139114618301392
894,1,-0.75,0.06794643714994701,0.09742538630962372
895,1,-0.75,0.06774259783849718,0.06876277923583984
896,1,-0.75,0.06753937004498169,0.08714592456817627
897,1,-0.75,0.06733675193484674,0.0950029194355011
898,1,-0.75,0.0671347416790422,0.08307674527168274
899,1,-0.75,0.06693333745400507,0.09661542624235153
900,1,-0.75,0.06673253744164305,0.07723872363567352
901,1,-0.75,0.06653233982931812,0.08225708454847336
902,1,-0.75,0.06633274280983018,0.08542411029338837
903,1,-0.75,0.06613374458140069,0.06493238359689713
904,1,-0.75,0.06593534334765648,0.09833782911300659
905,2,-0.72,0.06573753731761352,0.07385977730154991
906,2,-0.87,0.06554032470566068,0.09981761127710342
907,1,-0.75,0.0653437037315437,0.08577332645654678
908,1,-0.75,0.06514767262034907,0.07049247622489929
909,1,-0.75,0.06495222960248802,0.09778882563114166
910,1,-0.75,0.06475737291368056,0.10279965400695801
911,1,-0.75,0.06456310079493952,0.0818997472524643
912,1,-0.75,0.06436941149255469,0.09833379089832306
913,1,-0.75,0.06417630325807702,0.10789433866739273
914,1,-0.75,0.0639837743483028,0.08260510116815567
915,1,-0.75,0.06379182302525789,0.0727732852101326
916,1,-0.75,0.06360044755618212,0.08975698053836823
917,2,-0.87,0.06340964621351357,0.09341255575418472
918,1,-0.75,0.06321941727487303,0.1039063036441803
919,1,-0.75,0.0630297590230484,0.06309429556131363
920,1,-0.75,0.06284066974597925,0.09074626863002777
921,1,-0.75,0.06265214773674131,0.08275653421878815
922,1,-0.75,0.06246419129353109,0.08433079719543457
923,1,-0.75,0.0622767987196505,0.10177604854106903
924,1,-0.75,0.06208996832349155,0.10035913437604904
925,1,-0.75,0.06190369841852107,0.10001006722450256
926,1,-0.75,0.06171798732326551,0.08136773109436035
927,1,-0.75,0.06153283336129571,0.08608759194612503
928,1,-0.75,0.061348234861211826,0.07827600091695786
929,1,-0.75,0.06116419015662819,0.10049378126859665
930,1,-0.75,0.0609806975861583,0.08766530454158783
931,1,-0.75,0.06079775549339983,0.06886276602745056
932,1,-0.75,0.06061536222691963,0.08230458199977875
933,1,-0.75,0.06043351614023887,0.08099311590194702
934,1,-0.75,0.060252215591818155,0.09248948097229004
935,1,-0.75,0.0600714589450427,0.10483567416667938
936,2,-0.72,0.05989124456820757,0.0981108546257019
937,1,-0.75,0.059711570834502944,0.09928945451974869
938,1,-0.75,0.05953243612199943,0.0956406444311142
939,1,-0.75,0.05935383881363344,0.07541956007480621
940,1,-0.75,0.05917577729719254,0.07795307040214539
941,1,-0.75,0.05899824996530096,0.07465243339538574
942,1,-0.75,0.05882125521540506,0.08359668403863907
943,1,-0.75,0.05864479144975884,0.07766100764274597
944,1,-0.75,0.05846885707540957,0.07525551319122314
945,2,-0.72,0.05829345050418334,0.07975681871175766
946,1,-0.75,0.05811857015267079,0.08729355037212372
947,1,-0.75,0.057944214442212774,0.09620118886232376
948,1,-0.75,0.05777038179888613,0.10742312669754028
949,1,-0.75,0.05759707065348948,0.08376969397068024
950,1,-0.75,0.05742427944152901,0.0944683775305748
951,1,-0.75,0.057252006603204425,0.08852417767047882
952,1,-0.75,0.05708025058339481,0.0896601751446724
953,1,-0.75,0.056909009831644625,0.09938289225101471
954,1,-0.75,0.05673828280214969,0.08938843011856079
955,1,-0.75,0.05656806795374324,0.0723765641450882
956,1,-0.75,0.056398363749882004,0.09298615157604218
957,1,-0.75,0.05622916865863236,0.09541111439466476
958,1,-0.75,0.056060481152656466,0.07802101969718933
959,1,-0.75,0.0558922997091985,0.09335414320230484
960,1,-0.75,0.0557246228100709,0.07900172472000122
961,1,-0.75,0.055557448941640684,0.10336955636739731
962,1,-0.75,0.05539077659481576,0.09553564339876175
963,1,-0.75,0.05522460426503131,0.09134043008089066
964,1,-0.75,0.05505893045223622,0.10082359611988068
965,1,-0.75,0.054893753660879514,0.07898743450641632
966,1,-0.75,0.054729072399896876,0.08091334998607635
967,1,-0.75,0.054564885182697184,0.09418576955795288
968,1,-0.75,0.05440119052714909,0.09083393216133118
969,1,-0.75,0.05423798695556764,0.08628803491592407
970,1,-0.75,0.05407527299470094,0.08646918833255768
971,1,-0.75,0.053913047175716836,0.09560088813304901
972,1,-0.75,0.05375130803418968,0.07870552688837051
973,1,-0.75,0.05359005411008711,0.09677837044000626
974,1,-0.75,0.053429283947756846,0.09618961811065674
975,1,-0.75,0.053268996095913575,0.10396895557641983
976,1,-0.75,0.05310918910762583,0.09058794379234314
977,1,-0.75,0.052949861540302956,0.10110907256603241
978,1,-0.75,0.052791011955682046,0.0726340264081955
979,1,-0.75,0.052632638919815,0.09465400874614716
980,1,-0.75,0.052474741003055554,0.09799657762050629
981,1,-0.75,0.052317316780046384,0.09114956855773926
982,2,-0.72,0.05216036482970624,0.07280091941356659
983,1,-0.75,0.052003883735217124,0.07907445728778839
984,1,-0.75,0.051847872084011475,0.08766617625951767
985,1,-0.75,0.05169232846775944,0.07779563218355179
986,1,-0.75,0.05153725148235616,0.0959305614233017
987,1,-0.75,0.051382639727909095,0.0901976227760315
988,1,-0.75,0.051228491808725365,0.09743998944759369
989,1,-0.75,0.05107480633329919,0.0910424068570137
990,1,-0.75,0.05092158191429929,0.0827593132853508
991,1,-0.75,0.05076881716855639,0.07614167779684067
992,1,-0.75,0.05061651071705072,0.08743663132190704
993,1,-0.75,0.05046466118489957,0.08899646997451782
994,1,-0.75,0.05031326720134487,0.09494128823280334
995,1,-0.75,0.05016232739974084,0.09947767853736877
996,1,-0.75,0.050011840417541614,0.07727532833814621
997,1,-0.75,0.04986180489628899,0.09135238826274872
998,1,-0.75,0.04971221948160012,0.0846337154507637
999,1,-0.75,0.04956308282315532,0.10806463658809662
1000,1,-0.75,0.049414393574685855,0.0854085385799408
1001,1,-0.75,0.049266150393961795,0.08850425481796265
1002,1,-0.75,0.04911835194277991,0.07996191084384918
1003,1,-0.75,0.04897099688695157,0.07808135449886322
1004,1,-0.75,0.04882408389629071,0.08841042965650558
1005,1,-0.75,0.04867761164460184,0.09037531167268753
1006,1,-0.75,0.04853157880966803,0.08628527820110321
1007,1,-0.75,0.048385984073239026,0.0844382643699646
1008,1,-0.75,0.048240826121019306,0.09400472044944763
1009,1,-0.75,0.04809610364265625,0.08097165822982788
1010,1,-0.75,0.04795181533172828,0.0774558037519455
1011,1,-0.75,0.047807959885733095,0.08009114116430283
1012,1,-0.75,0.0476645360060759,0.08786680549383163
1013,1,-0.75,0.04752154239805767,0.08688552677631378
1014,1,-0.75,0.047378977770863494,0.08160407841205597
1015,1,-0.75,0.047236840837550906,0.08867649734020233
1016,1,-0.75,0.04709513031503825,0.10095120221376419
1017,1,-0.75,0.04695384492409314,0.08940285444259644
1018,2,-0.87,0.046812983389320856,0.09136408939957619
1019,1,-0.75,0.04667254443915289,0.09224992990493774
1020,1,-0.75,0.04653252680583543,0.10773717612028122
1021,1,-0.75,0.04639292922541793,0.0993829220533371
1022,1,-0.75,0.04625375043774167,0.0600324422121048
1023,1,-0.75,0.046114989186428444,0.0776921734213829
1024,1,-0.75,0.045976644218869156,0.07775776088237762
1025,1,-0.75,0.04583871428621255,0.09250593185424805
1026,1,-0.75,0.04570119814335391,0.09000642597675323
1027,1,-0.75,0.04556409454892385,0.07896526157855988
1028,1,-0.75,0.04542740226527708,0.0795176774263382
1029,1,-0.75,0.045291120058481245,0.0857635885477066
1030,1,-0.75,0.0451552466983058,0.1013369932770729
1031,1,-0.75,0.04501978095821088,0.1049661636352539
1032,1,-0.75,0.04488472161533625,0.07629066705703735
1033,1,-0.75,0.04475006745049024,0.09447373449802399
1034,1,-0.75,0.04461581724813877,0.08281762152910233
1035,1,-0.75,0.04448196979639435,0.08047462999820709
1036,1,-0.75,0.044348523887005165,0.09886568784713745
1037,1,-0.75,0.04421547831534415,0.08496516942977905
1038,1,-0.75,0.04408283188039812,0.09913325309753418
1039,1,-0.75,0.04395058338475692,0.09396069496870041
1040,1,-0.75,0.04381873163460265,0.09126947075128555
1041,1,-0.75,0.04368727543969884,0.08254997432231903
1042,1,-0.75,0.04355621361337974,0.1006445437669754
1043,1,-0.75,0.0434255449725396,0.07681669294834137
1044,1,-0.75,0.043295268337621984,0.09303602576255798
1045,1,-0.75,0.04316538253260912,0.08642072975635529
1046,1,-0.75,0.04303588638501129,0.08984185755252838
1047,1,-0.75,0.04290677872585626,0.10523354262113571
1048,1,-0.75,0.042778058389678686,0.08609946817159653
1049,1,-0.75,0.04264972421450965,0.07774871587753296
1050,1,-0.75,0.042521775041866126,0.10461541265249252
1051,1,-0.75,0.04239420971674053,0.08186966925859451
1052,1,-0.75,0.04226702708759031,0.07876206934452057
1053,1,-0.75,0.04214022600632754,0.09773058444261551
1054,1,-0.75,0.042013805328308555,0.10172352194786072
1055,1,-0.75,0.04188776391232363,0.08252517879009247
1056,1,-0.75,0.041762100620586655,0.08191238343715668
1057,1,-0.75,0.041636814318724895,0.08679789304733276
1058,1,-0.75,0.04151190387576872,0.08649416267871857
1059,1,-0.75,0.04138736816414141,0.09110903739929199
1060,1,-0.75,0.041263206059648984,0.09412071108818054
1061,1,-0.75,0.04113941644147004,0.0956580638885498
1062,1,-0.75,0.04101599819214563,0.08470618724822998
1063,1,-0.75,0.040892950197569194,0.10969384014606476
1064,2,-0.87,0.040770271346976486,0.0876682847738266
1065,1,-0.75,0.040647960532935554,0.0781317800283432
1066,1,-0.75,0.040526016651336746,0.07790262252092361
1067,1,-0.75,0.040404438601382736,0.08875508606433868
1068,1,-0.75,0.04028322528557859,0.0945327952504158
1069,1,-0.75,0.04016237560972185,0.09875436127185822
1070,1,-0.75,0.04004188848289268,0.09625270217657089
1071,1,-0.75,0.039921762817444,0.0793917179107666
1072,1,-0.75,0.03980199752899167,0.07653595507144928
1073,1,-0.75,0.039682591536404695,0.08235957473516464
1074,1,-0.75,0.03956354376179548,0.09244843572378159
1075,1,-0.75,0.03944485313051009,0.0815826803445816
1076,1,-0.75,0.03932651857111856,0.0743231400847435
1077,1,-0.75,0.039208539015405205,0.08305995911359787
1078,1,-0.75,0.03909091339835899,0.09242872893810272
1079,1,-0.75,0.03897364065816391,0.07922744005918503
1080,1,-0.75,0.03885671973618942,0.07612141966819763
1081,1,-0.75,0.038740149576980853,0.0836803987622261
1082,1,-0.75,0.03862392912824991,0.09625722467899323
1083,1,-0.75,0.03850805734086516,0.06715376675128937
1084,1,-0.75,0.038392533168842564,0.0913088470697403
1085,1,-0.75,0.038277355569336036,0.07116077840328217
1086,1,-0.75,0.038162523502628026,0.09978064149618149
1087,1,-0.75,0.03804803593212014,0.09072013944387436
1088,1,-0.75,0.03793389182432378,0.08024273812770844
1089,1,-0.75,0.03782009014885081,0.08839858323335648
1090,1,-0.75,0.03770662987840426,0.0808311402797699
1091,1,-0.75,0.03759350998876904,0.09385418146848679
1092,1,-0.75,0.037480729458802736,0.08750784397125244
1093,1,-0.75,0.03736828727042633,0.08425258100032806
1094,1,-0.75,0.03725618240861505,0.08369795978069305
1095,1,-0.75,0.037144413861389204,0.09290259331464767
1096,1,-0.75,0.037032980619805034,0.08149036765098572
1097,1,-0.75,0.03692188167794562,0.09039919823408127
1098,1,-0.75,0.03681111603291178,0.09622032940387726
1099,1,-0.75,0.036700682684813045,0.0735279768705368
1100,1,-0.75,0.03659058063675861,0.08663922548294067
1101,1,-0.75,0.03648080889484833,0.09845791012048721
1102,1,-0.75,0.03637136646816379,0.09200800955295563
1103,1,-0.75,0.036262252368759296,0.07822778820991516
1104,1,-0.75,0.036153465611653016,0.08277852833271027
1105,1,-0.75,0.03604500521481806,0.09471651911735535
1106,1,-0.75,0.035936870199173604,0.09387391805648804
1107,1,-0.75,0.03582905958857608,0.08165694773197174
1108,1,-0.75,0.03572157240981035,0.08034883439540863
1109,1,-0.75,0.035614407692580924,0.09792826324701309
1110,1,-0.75,0.03550756446950318,0.07662934064865112
1111,1,-0.75,0.03540104177609467,0.10291276127099991
1112,1,-0.75,0.03529483865076639,0.08247766643762589
1113,1,-0.75,0.035188954134814085,0.09749092906713486
1114,1,-0.75,0.035083387272409644,0.08808515965938568
1115,1,-0.75,0.03497813711059242,0.08246376365423203
1116,1,-0.75,0.03487320269926064,0.09253422915935516
1117,1,-0.75,0.03476858309116286,0.07392489910125732
1118,1,-0.75,0.03466427734188937,0.0946291983127594
1119,1,-0.75,0.034560284509863703,0.0877734124660492
1120,1,-0.75,0.034456603656334114,0.09547822177410126
1121,1,-0.75,0.034353233845365115,0.08177176117897034
1122,1,-0.75,0.03425017414382902,0.08273916691541672
1123,1,-0.75,0.034147423621397534,0.09535231441259384
1124,1,-0.75,0.03404498135053334,0.07503263652324677
1125,1,-0.75,0.03394284640648174,0.08992627263069153
1126,1,-0.75,0.0338410178672623,0.09072074294090271
1127,1,-0.75,0.03373949481366051,0.10062564164400101
1128,1,-0.75,0.03363827632921953,0.09791421890258789
1129,1,-0.75,0.03353736150023187,0.0810496136546135
1130,1,-0.75,0.03343674941573117,0.0799291580915451
1131,1,-0.75,0.03333643916748398,0.07539333403110504
1132,1,-0.75,0.03323642984998153,0.09351636469364166
1133,1,-0.75,0.033136720560431585,0.08518724143505096
1134,1,-0.75,0.03303731039875029,0.08848220854997635
1135,1,-0.75,0.03293819846755404,0.07455426454544067
1136,1,-0.75,0.03283938387215138,0.08705539256334305
1137,1,-0.75,0.032740865720534924,0.08599422872066498
1138,1,-0.75,0.03264264312337332,0.08431366831064224
1139,1,-0.75,0.0325447151940032,0.07092451304197311
1140,1,-0.75,0.032447081048421186,0.10321051627397537
1141,1,-0.75,0.032349739805275925,0.0939289778470993
1142,1,-0.75,0.0322526905858601,0.0838351771235466
1143,1,-0.75,0.032155932514102516,0.08971364051103592
1144,1,-0.75,0.03205946471656021,0.09030283987522125
1145,1,-0.75,0.03196328632241053,0.08875130116939545
1146,1,-0.75,0.0318673964634433,0.07860317081212997
1147,1,-0.75,0.03177179427405297,0.085350401699543
1148,2,-0.72,0.031676478891230805,0.070677500218153
1149,1,-0.75,0.03158144945455711,0.09076293557882309
1150,1,-0.75,0.03148670510619344,0.08090125024318695
1151,1,-0.75,0.03139224499087486,0.08509403467178345
1152,1,-0.75,0.031298068255902235,0.08937965333461761
1153,1,-0.75,0.03120417405113453,0.10957907140254974
1154,1,-0.75,0.031110561528981125,0.07876522094011307
1155,1,-0.75,0.03101722984439418,0.0917520523071289
1156,1,-0.75,0.030924178154860996,0.09977538138628006
1157,1,-0.75,0.030831405620396414,0.09600824117660522
1158,1,-0.75,0.030738911403535223,0.10175423324108124
1159,1,-0.75,0.03064669466932462,0.08199373632669449
1160,1,-0.75,0.030554754585316646,0.08679088950157166
1161,1,-0.75,0.030463090321560696,0.09177237749099731
1162,1,-0.75,0.030371701050596014,0.09282241761684418
1163,1,-0.75,0.030280585947444226,0.1009884625673294
1164,1,-0.75,0.030189744189601894,0.0832931399345398
1165,1,-0.75,0.030099174957033088,0.09929285943508148
1166,1,-0.75,0.030008877432161987,0.1039223000407219
1167,1,-0.75,0.0299188507998655,0.08451738208532333
1168,1,-0.75,0.029829094247465902,0.07509735226631165
1169,1,-0.75,0.029739606964723504,0.08859331160783768
1170,1,-0.75,0.029650388143829334,0.0974130928516388
1171,1,-0.75,0.029561436979397844,0.07853488624095917
1172,1,-0.75,0.02947275266845965,0.10526502132415771
1173,1,-0.75,0.029384334410454273,0.09256253391504288
1174,1,-0.75,0.02929618140722291,0.09502749145030975
1175,1,-0.75,0.02920829286300124,0.1000467836856842
1176,1,-0.75,0.029120667984412235,0.08158710598945618
1177,1,-0.75,0.029033305980458998,0.08152161538600922
1178,1,-0.75,0.02894620606251762,0.09852449595928192
1179,1,-0.75,0.02885936744433007,0.09094183146953583
1180,1,-0.75,0.02877278934199708,0.0867486447095871
1181,1,-0.75,0.02868647097397109,0.08196817338466644
1182,1,-0.75,0.028600411561049175,0.0985172837972641
1183,1,-0.75,0.028514610326366027,0.0973874032497406
1184,1,-0.75,0.02842906649538693,0.0985974669456482
1185,1,-0.75,0.02834377929590077,0.08563567698001862
1186,1,-0.75,0.028258747958013065,0.08698375523090363
1187,1,-0.75,0.028173971714139025,0.07794457674026489
1188,1,-0.75,0.028089449798996607,0.0893712118268013
1189,1,-0.75,0.02800518144959962,0.07711627334356308
1190,1,-0.75,0.02792116590525082,0.07074633985757828
1191,1,-0.75,0.02783740240753507,0.0905698835849762
1192,1,-0.75,0.027753890200312464,0.09019246697425842
1193,1,-0.75,0.027670628529711527,0.0614621527493
1194,1,-0.75,0.027587616644122393,0.07768194377422333
1195,1,-0.75,0.027504853794190025,0.09921333193778992
1196,1,-0.75,0.027422339232807454,0.11127076297998428
1197,1,-0.75,0.02734007221510903,0.09055676311254501
1198,3,-0.84,0.027258051998463702,0.085030364493529
1199,1,-0.75,0.027176277842468313,0.07826094329357147
1200,1,-0.75,0.02709474900894091,0.07305479794740677
1201,1,-0.75,0.027013464761914085,0.08443419635295868
1202,1,-0.75,0.02693242436762834,0.08837444335222244
1203,1,-0.75,0.026851627094525456,0.07598848640918732
1204,1,-0.75,0.02677107221324188,0.06688949465751648
1205,1,-0.75,0.026690758996602153,0.09553641825914383
1206,1,-0.75,0.026610686719612347,0.08136717230081558
1207,1,-0.75,0.02653085465945351,0.10094393789768219
1208,1,-0.75,0.02645126209547515,0.08498664945363998
1209,1,-0.75,0.026371908309188723,0.07298088073730469
1210,1,-0.75,0.026292792584261156,0.08621060848236084
1211,1,-0.75,0.02621391420650837,0.10228492319583893
1212,1,-0.75,0.026135272463888845,0.09548717737197876
1213,1,-0.75,0.02605686664649718,0.11707610636949539
1214,1,-0.75,0.025978696046557687,0.07931576669216156
1215,1,-0.75,0.025900759958418014,0.10352355986833572
1216,1,-0.75,0.02582305767854276,0.0915483832359314
1217,1,-0.75,0.025745588505507132,0.08677257597446442
1218,1,-0.75,0.02566835173999061,0.10111202299594879
1219,1,-0.75,0.025591346684770637,0.08815311640501022
1220,1,-0.75,0.025514572644716325,0.08378325402736664
1221,1,-0.75,0.025438028926782177,0.08789965510368347
1222,1,-0.75,0.02536171484000183,0.07637598365545273
1223,1,-0.75,0.025285629695481822,0.07032506167888641
1224,1,-0.75,0.025209772806395376,0.08274373412132263
1225,1,-0.75,0.02513414348797619,0.08702662587165833
1226,1,-0.75,0.02505874105751226,0.09962667524814606
1227,1,-0.75,0.024983564834339726,0.09734077751636505
1228,1,-0.75,0.024908614139836707,0.0916806012392044
1229,1,-0.75,0.024833888297417197,0.0996093899011612
1230,1,-0.75,0.024759386632524947,0.07545232772827148
1231,1,-0.75,0.024685108472627372,0.07856514304876328
1232,1,-0.75,0.02461105314720949,0.0922941192984581
1233,1,-0.75,0.02453721998776786,0.09061627089977264
1234,1,-0.75,0.024463608327804556,0.08424756675958633
1235,1,-0.75,0.02439021750282114,0.10112550109624863
1236,1,-0.75,0.024317046850312676,0.08950595557689667
1237,1,-0.75,0.02424409570976174,0.08204198628664017
1238,1,-0.75,0.024171363422632455,0.09377474337816238
1239,1,-0.75,0.024098849332364558,0.09654208272695541
1240,1,-0.75,0.024026552784367463,0.07811227440834045
1241,1,-0.75,0.02395447312601436,0.10084220767021179
1242,1,-0.75,0.023882609706636315,0.09892391413450241
1243,1,-0.75,0.023810961877516405,0.08223891258239746
1244,1,-0.75,0.023739528991883856,0.06812938302755356
1245,1,-0.75,0.023668310404908206,0.10110077261924744
1246,1,-0.75,0.02359730547369348,0.08320388942956924
1247,1,-0.75,0.023526513557272397,0.08168508857488632
1248,1,-0.75,0.02345593401660058,0.08614251017570496
1249,1,-0.75,0.023385566214550776,0.07231195271015167
1250,1,-0.75,0.023315409515907125,0.0929994285106659
1251,1,-0.75,0.023245463287359405,0.09689152240753174
1252,1,-0.75,0.023175726897497327,0.08744941651821136
1253,1,-0.75,0.023106199716804835,0.08197252452373505
1254,1,-0.75,0.02303688111765442,0.10249794274568558
1255,1,-0.75,0.022967770474301458,0.08392133563756943
1256,1,-0.75,0.022898867162878554,0.09074194729328156
1257,1,-0.75,0.022830170561389918,0.08533160388469696
1258,1,-0.75,0.02276168004970575,0.08296899497509003
1259,1,-0.75,0.02269339500955663,0.08750707656145096
1260,1,-0.75,0.02262531482452796,0.09230629354715347
1261,1,-0.75,0.022557438880054376,0.08045041561126709
1262,1,-0.75,0.022489766563414212,0.10194844007492065
1263,1,-0.75,0.02242229726372397,0.08655700087547302
1264,1,-0.75,0.0223550303719328,0.08119910955429077
1265,1,-0.75,0.022287965280817,0.09779782593250275
1266,1,-0.75,0.02222110138497455,0.08834133297204971
1267,1,-0.75,0.022154438080819624,0.0782531127333641
1268,1,-0.75,0.022087974766577166,0.10672248899936676
1269,1,-0.75,0.022021710842277435,0.08618082106113434
1270,1,-0.75,0.0219556457097506,0.0873107984662056
1271,1,-0.75,0.02188977877262135,0.08504034578800201
1272,1,-0.75,0.021824109436303488,0.0813891664147377
1273,2,-0.87,0.021758637107994576,0.10036295652389526
1274,1,-0.75,0.02169336119667059,0.07824037969112396
1275,1,-0.75,0.02162828111308058,0.08529192954301834
1276,1,-0.75,0.021563396269741335,0.10109767317771912
1277,1,-0.75,0.02149870608093211,0.07628992944955826
1278,1,-0.75,0.021434209962689316,0.0824093148112297
1279,1,-0.75,0.02136990733280125,0.08140141516923904
1280,1,-0.75,0.021305797610802844,0.07809694111347198
1281,1,-0.75,0.021241880217970435,0.08876731246709824
1282,1,-0.75,0.021178154577316522,0.09393242001533508
1283,1,-0.75,0.021114620113584573,0.10643515735864639
1284,2,-0.87,0.02105127625324382,0.09557459875941277
1285,1,-0.75,0.020988122424484088,0.09207432717084885
1286,1,-0.75,0.020925158057210635,0.08974612504243851
1287,1,-0.75,0.020862382583039,0.08181333541870117
1288,1,-0.75,0.020799795435289883,0.09384270757436752
1289,1,-0.75,0.020737396048984013,0.09310305118560791
1290,1,-0.75,0.02067518386083706,0.09401758015155792
1291,1,-0.75,0.02061315830925455,0.09992897510528564
1292,1,-0.75,0.020551318834326784,0.11402411758899689
1293,1,-0.75,0.020489664877823804,0.08655720949172974
1294,1,-0.75,0.020428195883190333,0.08543656766414642
1295,1,-0.75,0.020366911295540763,0.09665852785110474
1296,1,-0.75,0.02030581056165414,0.08188563585281372
1297,1,-0.75,0.020244893129969178,0.09133247286081314
1298,1,-0.75,0.02018415845057927,0.09481509029865265
1299,1,-0.75,0.02012360597522753,0.08456835150718689
1300,1,-0.75,0.020063235157301847,0.09041446447372437
1301,1,-0.75,0.020003045451829942,0.09782442450523376
1302,3,-0.84,0.019943036315474453,0.08503821988900502
1303,1,-0.75,0.01988320720652803,0.08340181410312653
1304,1,-0.75,0.019823557584908447,0.0923197790980339
1305,1,-0.75,0.01976408691215372,0.09716961532831192
1306,1,-0.75,0.019704794651417258,0.09047127515077591
1307,1,-0.75,0.019645680267463005,0.09235209226608276
1308,1,-0.75,0.019586743226660618,0.09914594888687134
1309,1,-0.75,0.019527982996980636,0.10005571693181992
1310,1,-0.75,0.019469399047989694,0.08238542079925537
1311,1,-0.75,0.019410990850845723,0.08844392001628876
1312,1,-0.75,0.019352757878293186,0.08876336365938187
1313,1,-0.75,0.019294699604658308,0.10613702237606049
1314,1,-0.75,0.019236815505844333,0.09002459049224854
1315,1,-0.75,0.0191791050593268,0.07952141761779785
1316,1,-0.75,0.019121567744148818,0.08638936281204224
1317,1,-0.75,0.019064203040916373,0.09305381774902344
1318,1,-0.75,0.019007010431793623,0.07774777710437775
1319,1,-0.75,0.018949989400498243,0.06273005902767181
1320,1,-0.75,0.018893139432296747,0.08878009021282196
1321,1,-0.75,0.018836460013999856,0.0818900465965271
1322,2,-0.72,0.018779950633957855,0.08531277254223824
1323,1,-0.75,0.01872361078205598,0.08703973889350891
1324,1,-0.75,0.018667439949709812,0.10149508714675903
1325,1,-0.75,0.018611437629860682,0.10109719634056091
1326,1,-0.75,0.0185556033169711,0.09680633246898651
1327,1,-0.75,0.018499936507020184,0.07417289912700653
1328,1,-0.75,0.018444436697499123,0.09301136434078217
1329,1,-0.75,0.018389103387406625,0.08920550346374512
1330,1,-0.75,0.018333936077244404,0.10088486969470978
1331,3,-0.84,0.01827893426901267,0.08286794026692708
1332,1,-0.75,0.01822409746620563,0.0936247855424881
1333,1,-0.75,0.018169425173807013,0.09422839432954788
1334,1,-0.75,0.018114916898285593,0.10425083339214325
1335,1,-0.75,0.018060572147590735,0.09802470356225967
1336,1,-0.75,0.01800639043114796,0.08547385036945343
1337,1,-0.75,0.017952371259854518,0.08062994480133057
1338,1,-0.75,0.017898514146074955,0.08376099169254303
1339,1,-0.75,0.01784481860363673,0.08587093651294708
1340,1,-0.75,0.01779128414782582,0.07490533590316772
1341,1,-0.75,0.017737910295382343,0.09674492478370667
1342,1,-0.75,0.017684696564496196,0.08859653770923615
1343,1,-0.75,0.017631642474802707,0.09078434854745865
1344,1,-0.75,0.017578747547378298,0.08512294292449951
1345,1,-0.75,0.017526011304736164,0.0961100310087204
1346,1,-0.75,0.017473433270821955,0.09617441147565842
1347,1,-0.75,0.017421012971009488,0.09203144907951355
1348,1,-0.75,0.01736874993209646,0.08312751352787018
1349,1,-0.75,0.017316643682300167,0.09779603779315948
1350,1,-0.75,0.017264693751253266,0.10220417380332947
1351,1,-0.75,0.017212899669999504,0.09767276048660278
1352,1,-0.75,0.017161260970989505,0.09680255502462387
1353,1,-0.75,0.017109777188076537,0.09457999467849731
1354,1,-0.75,0.017058447856512306,0.10282301157712936
1355,1,-0.75,0.01700727251294277,0.09176868945360184
1356,1,-0.75,0.016956250695403942,0.08911572396755219
1357,1,-0.75,0.01690538194331773,0.08258888125419617
1358,1,-0.75,0.01685466579748778,0.08648571372032166
1359,1,-0.75,0.016804101800095315,0.08757904917001724
1360,1,-0.75,0.01675368949469503,0.07821136713027954
1361,1,-0.75,0.016703428426210944,0.08390982449054718
1362,1,-0.75,0.01665331814093231,0.07980483025312424
1363,1,-0.75,0.016603358186509515,0.09487946331501007
1364,1,-0.75,0.016553548111949985,0.09135236591100693
1365,1,-0.75,0.016503887467614137,0.08758105337619781
1366,1,-0.75,0.016454375805211294,0.10441689193248749
1367,1,-0.75,0.01640501267779566,0.07953536510467529
1368,1,-0.75,0.016355797639762273,0.10641366988420486
1369,1,-0.75,0.016306730246842985,0.08086057007312775
1370,1,-0.75,0.016257810056102457,0.08153270930051804
1371,1,-0.75,0.01620903662593415,0.09796611219644547
1372,1,-0.75,0.016160409516056348,0.09468796849250793
1373,1,-0.75,0.016111928287508178,0.07440433651208878
1374,1,-0.75,0.016063592502645652,0.08133316785097122
1375,1,-0.75,0.016015401725137716,0.08282911777496338
1376,1,-0.75,0.0159673555199623,0.09687121212482452
1377,1,-0.75,0.015919453453402413,0.0749550387263298
1378,1,-0.75,0.015871695093042204,0.08501933515071869
1379,1,-0.75,0.015824080007763076,0.08478230983018875
1380,1,-0.75,0.015776607767739786,0.09251921623945236
1381,1,-0.75,0.015729277944436567,0.08743776381015778
1382,1,-0.75,0.01568209011060326,0.09352891147136688
1383,1,-0.75,0.015635043840271447,0.092514768242836
1384,1,-0.75,0.015588138708750632,0.09341882169246674
1385,1,-0.75,0.01554137429262438,0.08664476871490479
1386,1,-0.75,0.015494750169746507,0.09454312175512314
1387,1,-0.75,0.015448265919237267,0.08719620108604431
1388,1,-0.75,0.015401921121479555,0.08581729233264923
1389,1,-0.75,0.015355715358115116,0.1025826558470726
1390,1,-0.75,0.01530964821204077,0.08775177597999573
1391,1,-0.75,0.015263719267404649,0.08242502808570862

